{"cameraMode":{"drawMode":0,"name":"Shaded","section":"Shading Mode"},"sceneLighting":true,"audioPlay":false,"sceneViewState":{"m_AlwaysRefresh":false,"showFog":true,"showSkybox":true,"showFlares":true,"showImageEffects":true,"showParticleSystems":true,"showVisualEffectGraphs":true,"m_FxEnabled":true},"in2DMode":false,"pivot":{"x":-3.013915538787842,"y":0.7320537567138672,"z":-0.09981045126914978},"rotation":{"x":-0.13690820336341859,"y":0.7141039371490479,"z":-0.14573052525520326,"w":-0.6708802580833435},"size":3.9027693271636965,"orthographic":false}